file_id,age
image_0.jpg,62.24832503393354
image_1.jpg,51.58699606540927
image_10.jpg,31.58648768897246
image_100.jpg,57.93867616954328
image_1000.jpg,20.220300584173003
image_1001.jpg,24.856769746223108
image_1002.jpg,76.99806502228412
image_1003.jpg,33.45500367822635
image_1004.jpg,41.83518534269187
image_1005.jpg,71.18760756504389
image_1006.jpg,48.58180610436962
image_1007.jpg,67.14690046218851
image_1008.jpg,70.33936867105618
image_1009.jpg,33.166965478078154
image_101.jpg,56.74119117328659
image_1010.jpg,45.477592690654916
image_1011.jpg,15.073481842323588
image_1012.jpg,83.47149081027393
image_1013.jpg,68.51876275071719
image_1014.jpg,53.38431018206644
image_1015.jpg,27.592557785442335
image_1016.jpg,62.23380531499414
image_1017.jpg,46.33946554029593
image_1018.jpg,26.730729707474573
image_1019.jpg,36.224702604840644
image_102.jpg,33.20198424722596
image_1020.jpg,33.85605711865
image_1021.jpg,9.512479313116506
image_1022.jpg,1.8415945023502673
image_1023.jpg,28.030291294364773
image_1024.jpg,31.84757596344287
image_1025.jpg,57.58475674654067
image_1026.jpg,12.043442830136776
image_1027.jpg,4.414188029834763
image_1028.jpg,26.568140332100324
image_1029.jpg,25.33152904432006
image_103.jpg,28.954978133098244
image_1030.jpg,61.90698121048622
image_1031.jpg,2.0860925365867926
image_1032.jpg,49.122788755000855
image_1033.jpg,28.024618749265315
image_1034.jpg,26.883037060867125
image_1035.jpg,46.60341250258709
image_1036.jpg,63.25187106453016
image_1037.jpg,22.90087260336543
image_1038.jpg,49.12101100926863
image_1039.jpg,24.742343762611007
image_104.jpg,17.921928634041777
image_1040.jpg,12.422710735284411
image_1041.jpg,41.91352765746568
image_1042.jpg,36.733034194088106
image_1043.jpg,57.59053136357228
image_1044.jpg,38.94634846241222
image_1045.jpg,44.87577725110886
image_1046.jpg,31.35862086470072
image_1047.jpg,43.522299864655174
image_1048.jpg,61.15467763306837
image_1049.jpg,1.7297638012057959
image_105.jpg,28.06785905181298
image_1050.jpg,50.17298735839675
image_1051.jpg,67.75047106016811
image_1052.jpg,25.87353873416393
image_1053.jpg,67.32285136156122
image_1054.jpg,72.5165100463951
image_1055.jpg,76.27325555097582
image_1056.jpg,29.17100142386061
image_1057.jpg,19.392886682465896
image_1058.jpg,34.439539174157076
image_1059.jpg,9.47950806244901
image_106.jpg,58.16467354490597
image_1060.jpg,69.08208695295255
image_1061.jpg,40.3033980015047
image_1062.jpg,42.83294383128812
image_1063.jpg,68.94646293211048
image_1064.jpg,17.014406540429803
image_1065.jpg,65.61959455304347
image_1066.jpg,22.308954627425585
image_1067.jpg,63.72629573544684
image_1068.jpg,69.32696933510863
image_1069.jpg,52.566396540575056
image_107.jpg,38.01995747308509
image_1070.jpg,82.26287038041731
image_1071.jpg,58.365244997545204
image_1072.jpg,18.08680261865728
image_1073.jpg,1.7398548184271863
image_1074.jpg,32.2339604394753
image_1075.jpg,60.98016154913256
image_1076.jpg,58.38997331731768
image_1077.jpg,18.76488321144722
image_1078.jpg,21.615282231397593
image_1079.jpg,69.54702205160845
image_108.jpg,38.15708621670025
image_1080.jpg,23.483170232000997
image_1081.jpg,29.711684690090852
image_1082.jpg,13.997227482344389
image_1083.jpg,23.69297065656372
image_1084.jpg,56.66253042286479
image_1085.jpg,47.48046551090863
image_1086.jpg,49.49782884333523
image_1087.jpg,67.6354867126716
image_1088.jpg,52.784841895921076
image_1089.jpg,28.628401333739568
image_109.jpg,21.14069000683694
image_1090.jpg,18.193221920311696
image_1091.jpg,32.884453944872114
image_1092.jpg,37.396108216546025
image_1093.jpg,35.34790997707958
image_1094.jpg,55.21062403549383
image_1095.jpg,47.550927354475114
image_1096.jpg,11.790033793089645
image_1097.jpg,22.192638555508424
image_1098.jpg,14.747600456651181
image_1099.jpg,58.11147788195616
image_11.jpg,29.300670247019074
image_110.jpg,11.756683216173462
image_1100.jpg,68.48023810210051
image_1101.jpg,3.1559055099271447
image_1102.jpg,58.51334123912336
image_1103.jpg,27.6109950375655
image_1104.jpg,30.043956109035157
image_1105.jpg,26.05578176213227
image_1106.jpg,26.03355981358449
image_1107.jpg,16.66923897093052
image_1108.jpg,56.9677933142182
image_1109.jpg,33.83628121782887
image_111.jpg,9.198405044069016
image_1110.jpg,33.9913522814527
image_1111.jpg,57.184858902982235
image_1112.jpg,58.41276874463745
image_1113.jpg,52.404889267658504
image_1114.jpg,24.433025896467463
image_1115.jpg,47.076221191343464
image_1116.jpg,61.748696059029456
image_1117.jpg,28.607903663677114
image_1118.jpg,31.168863597393685
image_1119.jpg,18.66317105391388
image_112.jpg,24.811201072033533
image_1120.jpg,52.95224373167271
image_1121.jpg,29.7649261137095
image_1122.jpg,61.50710794268322
image_1123.jpg,75.81083758737486
image_1124.jpg,18.802091368268385
image_1125.jpg,44.76265972958998
image_1126.jpg,59.950288830143606
image_1127.jpg,74.85345392528058
image_1128.jpg,38.03858625937882
image_1129.jpg,61.064420208191834
image_113.jpg,24.20883150061462
image_1130.jpg,51.288355014942304
image_1131.jpg,20.814254271477168
image_1132.jpg,51.38838686373989
image_1133.jpg,3.278066921626589
image_1134.jpg,47.28152267759556
image_1135.jpg,27.0132271488017
image_1136.jpg,79.20947531973546
image_1137.jpg,24.619703465528453
image_1138.jpg,45.758016785149394
image_1139.jpg,27.95128572592192
image_114.jpg,29.04330807098473
image_1140.jpg,23.12515734318025
image_1141.jpg,33.839266605664996
image_1142.jpg,26.792352516791787
image_1143.jpg,59.36593137879757
image_1144.jpg,63.05704632250206
image_1145.jpg,45.66496507097828
image_1146.jpg,30.666238445967473
image_1147.jpg,25.763991134811
image_1148.jpg,54.409520739227005
image_1149.jpg,65.79774904708967
image_115.jpg,19.86888740550016
image_1150.jpg,52.56948445951988
image_1151.jpg,25.05321536829442
image_1152.jpg,57.362703213475854
image_1153.jpg,31.22559477043413
image_1154.jpg,29.629828628362127
image_1155.jpg,3.1992135212254618
image_1156.jpg,15.70957663912832
image_1157.jpg,48.25147524128562
image_1158.jpg,25.062186356271084
image_1159.jpg,1.710808761734694
image_116.jpg,12.229103446170301
image_1160.jpg,35.058529624886646
image_1161.jpg,27.022476269547994
image_1162.jpg,10.31908542367493
image_1163.jpg,90.54702152833036
image_1164.jpg,53.645830633218395
image_1165.jpg,65.47333890289599
image_1166.jpg,56.02515480449661
image_1167.jpg,23.37446984865375
image_1168.jpg,12.749370618121613
image_1169.jpg,9.137796572042916
image_117.jpg,11.706016811977854
image_1170.jpg,5.477606272337696
image_1171.jpg,6.502635677492014
image_1172.jpg,45.66515413920085
image_1173.jpg,63.053248016922566
image_1174.jpg,62.71746719946423
image_1175.jpg,11.609886105332029
image_1176.jpg,90.36959285762245
image_1177.jpg,47.85624276986665
image_1178.jpg,7.859529673480857
image_1179.jpg,48.22907064252104
image_118.jpg,69.28643972033174
image_1180.jpg,33.74089306045135
image_1181.jpg,30.68907134784756
image_1182.jpg,31.86049434677563
image_1183.jpg,62.25180460559652
image_1184.jpg,32.67631096571725
image_1185.jpg,36.53536100609966
image_1186.jpg,38.68869423833568
image_1187.jpg,8.343191056585114
image_1188.jpg,16.110418322972638
image_1189.jpg,14.182528716219469
image_119.jpg,50.99551798450277
image_1190.jpg,61.90215361690651
image_1191.jpg,8.65342300909537
image_1192.jpg,48.97077255876957
image_1193.jpg,59.26173748335556
image_1194.jpg,24.85457550776185
image_1195.jpg,26.546144905404297
image_1196.jpg,9.078731702351934
image_1197.jpg,19.519559473657804
image_1198.jpg,12.06062067487112
image_1199.jpg,59.49556908784089
image_12.jpg,54.6972541835246
image_120.jpg,35.210717456330975
image_1200.jpg,74.08405103016293
image_1201.jpg,40.141048070334605
image_1202.jpg,31.696062386281206
image_1203.jpg,54.49359350636173
image_1204.jpg,30.51486478551753
image_1205.jpg,4.136653263545984
image_1206.jpg,58.299714424646126
image_1207.jpg,55.10070666560421
image_1208.jpg,46.29680190066742
image_1209.jpg,34.25395122051893
image_121.jpg,30.181683647616246
image_1210.jpg,23.1553661859248
image_1211.jpg,70.04252639163508
image_1212.jpg,69.96702927849748
image_1213.jpg,65.89505045175224
image_1214.jpg,41.8766775536766
image_1215.jpg,56.83199660637413
image_1216.jpg,11.204954301705904
image_1217.jpg,1.1148378885822532
image_1218.jpg,55.41140893588177
image_1219.jpg,59.457665528453106
image_122.jpg,29.982157397172085
image_1220.jpg,24.094697971893435
image_1221.jpg,56.83999366917237
image_1222.jpg,66.52825558823324
image_1223.jpg,75.5225094453788
image_1224.jpg,1.4579037899670126
image_1225.jpg,78.04721721863712
image_1226.jpg,21.930665591780212
image_1227.jpg,41.637648963143306
image_1228.jpg,70.29585053139101
image_1229.jpg,21.5957641470743
image_123.jpg,16.265743814868692
image_1230.jpg,13.044601630117992
image_1231.jpg,61.27935750723212
image_1232.jpg,34.54452029177191
image_1233.jpg,21.99302300635025
image_1234.jpg,27.078321247597945
image_1235.jpg,46.044371948974785
image_1236.jpg,49.26201319334764
image_1237.jpg,16.690697984603858
image_1238.jpg,7.986410728370867
image_1239.jpg,14.62874772748175
image_124.jpg,27.446823646011666
image_1240.jpg,27.639367447632004
image_1241.jpg,27.519465175675762
image_1242.jpg,68.93202052750868
image_1243.jpg,59.0407473141601
image_1244.jpg,26.76971285496883
image_1245.jpg,11.241976236937301
image_1246.jpg,30.912836481677815
image_1247.jpg,42.60197910523383
image_1248.jpg,47.4473821380992
image_1249.jpg,43.06925388749572
image_125.jpg,63.467248325321734
image_1250.jpg,5.692862981631433
image_1251.jpg,53.57229295319817
image_1252.jpg,44.39791367246944
image_1253.jpg,59.99398366773734
image_1254.jpg,36.88182170695239
image_1255.jpg,7.622301297586803
image_1256.jpg,52.03492169321319
image_1257.jpg,66.68242602354866
image_1258.jpg,45.86847990792148
image_1259.jpg,59.534983364152325
image_126.jpg,8.431547326479102
image_1260.jpg,53.26684833259739
image_1261.jpg,60.48706102567445
image_1262.jpg,4.311044938116244
image_1263.jpg,28.269440449477873
image_1264.jpg,19.8931688470932
image_1265.jpg,47.10987458928949
image_1266.jpg,10.664522914729492
image_1267.jpg,52.42933486289613
image_1268.jpg,54.277278813805594
image_1269.jpg,37.8904828645892
image_127.jpg,27.336455987477656
image_1270.jpg,30.011546165037217
image_1271.jpg,56.190193157954795
image_1272.jpg,69.14467669514471
image_1273.jpg,50.489441436014054
image_1274.jpg,40.18960466110167
image_1275.jpg,36.5729447745492
image_1276.jpg,42.81921603617519
image_1277.jpg,45.9814419975333
image_1278.jpg,33.59211927055496
image_1279.jpg,29.72049558767729
image_128.jpg,13.070452628639334
image_1280.jpg,55.6141017421937
image_1281.jpg,85.61858026219329
image_1282.jpg,56.518384433741105
image_1283.jpg,56.2202514732162
image_1284.jpg,28.297172750465172
image_1285.jpg,78.82589350675522
image_1286.jpg,16.873644365695277
image_1287.jpg,13.279466458962943
image_1288.jpg,56.51323247053987
image_1289.jpg,64.81251324155204
image_129.jpg,38.14913804377383
image_1290.jpg,33.61271940369991
image_1291.jpg,54.65448403064116
image_1292.jpg,33.189640347359116
image_1293.jpg,21.451477418384105
image_1294.jpg,53.32190131094557
image_1295.jpg,63.135923134446635
image_1296.jpg,65.3530263024266
image_1297.jpg,26.622171433374223
image_1298.jpg,27.81721168486669
image_1299.jpg,52.45155879205147
image_13.jpg,61.50726594126929
image_130.jpg,8.817413608069607
image_1300.jpg,67.14774603771735
image_1301.jpg,23.703246545726223
image_1302.jpg,17.52196321500509
image_1303.jpg,31.678624525972843
image_1304.jpg,53.39186823547949
image_1305.jpg,52.65960397183977
image_1306.jpg,34.63381952513393
image_1307.jpg,2.0278146675748268
image_1308.jpg,52.04306646956665
image_1309.jpg,44.61562304503307
image_131.jpg,56.853751484749246
image_1310.jpg,62.65695843219105
image_1311.jpg,43.92927059388129
image_1312.jpg,35.86648335345653
image_1313.jpg,64.74997138715412
image_1314.jpg,26.45557818393158
image_1315.jpg,37.48521132920506
image_1316.jpg,32.73547161819186
image_1317.jpg,38.79205717602221
image_1318.jpg,7.76535538554355
image_1319.jpg,36.430282804701065
image_132.jpg,57.844710453384025
image_1320.jpg,59.00238880895293
image_1321.jpg,61.30944280271176
image_1322.jpg,31.0110282139196
image_1323.jpg,16.153329506496018
image_1324.jpg,29.808768735501012
image_1325.jpg,8.542080199931057
image_1326.jpg,15.964817876514914
image_1327.jpg,57.64323732457207
image_1328.jpg,12.185722699708244
image_1329.jpg,27.029453608561276
image_133.jpg,50.35520210056802
image_1330.jpg,78.41834688644512
image_1331.jpg,29.014351398693034
image_1332.jpg,44.65303918134693
image_1333.jpg,63.86293947091646
image_1334.jpg,38.93252495973688
image_1335.jpg,55.32611520136662
image_1336.jpg,43.09173446623876
image_1337.jpg,43.61481831397539
image_1338.jpg,27.22000975929333
image_1339.jpg,3.835439492318529
image_134.jpg,26.34223153986885
image_1340.jpg,26.34902221250599
image_1341.jpg,56.110035507767286
image_1342.jpg,26.115158771781765
image_1343.jpg,41.4372533424074
image_1344.jpg,2.576266632567381
image_1345.jpg,48.691203246881926
image_1346.jpg,56.58939988721055
image_1347.jpg,24.128119849373775
image_1348.jpg,52.70971559856819
image_1349.jpg,48.35118343735263
image_135.jpg,8.536072568801858
image_1350.jpg,64.26619291109313
image_1351.jpg,42.345843523127556
image_1352.jpg,59.627923227631996
image_1353.jpg,33.569336936961164
image_1354.jpg,45.64672658211245
image_1355.jpg,37.2339903932213
image_1356.jpg,3.357382824555019
image_1357.jpg,22.74083814110776
image_1358.jpg,47.6998079951408
image_1359.jpg,2.9227013771098993
image_136.jpg,23.53025288836946
image_1360.jpg,25.672436300782678
image_1361.jpg,25.890368969188636
image_1362.jpg,48.77601419718341
image_1363.jpg,32.47625211563948
image_1364.jpg,63.11918784038194
image_1365.jpg,52.49868557253656
image_1366.jpg,41.20109534296315
image_1367.jpg,41.55179498879181
image_1368.jpg,73.16453519279574
image_1369.jpg,28.955784534721218
image_137.jpg,27.647573532554503
image_1370.jpg,26.66843693213861
image_1371.jpg,50.65681204514574
image_1372.jpg,33.601805824311185
image_1373.jpg,47.73613450687445
image_1374.jpg,22.878521378965864
image_1375.jpg,54.96645863327634
image_1376.jpg,10.219754359032066
image_1377.jpg,8.832166440202375
image_1378.jpg,57.46986129352585
image_1379.jpg,2.1419213971810414
image_138.jpg,35.2422107178488
image_1380.jpg,73.72796016007621
image_1381.jpg,3.5465876902408886
image_1382.jpg,63.044041904402356
image_1383.jpg,64.94436621175382
image_1384.jpg,57.371379056912225
image_1385.jpg,63.77884867685159
image_1386.jpg,79.22943024707266
image_1387.jpg,7.672640178429248
image_1388.jpg,45.52106817530671
image_1389.jpg,41.213393699321564
image_139.jpg,18.257613205615385
image_1390.jpg,5.497377379277442
image_1391.jpg,23.930430087860067
image_1392.jpg,37.270588376394514
image_1393.jpg,11.098984079269387
image_1394.jpg,1.796828584661209
image_1395.jpg,9.743320601794291
image_1396.jpg,47.97792633799695
image_1397.jpg,31.449587026577753
image_1398.jpg,61.58562986481173
image_1399.jpg,13.384475593540731
image_14.jpg,50.71170400036051
image_140.jpg,9.001032642539801
image_1400.jpg,64.58065198838136
image_1401.jpg,51.13314740320948
image_1402.jpg,67.93050629677268
image_1403.jpg,30.600046229787655
image_1404.jpg,30.037502678660537
image_1405.jpg,26.5149830306672
image_1406.jpg,62.918313001572514
image_1407.jpg,33.886425886952175
image_1408.jpg,43.80158222130461
image_1409.jpg,3.9382378012555135
image_141.jpg,57.624017786096644
image_1410.jpg,9.086043708772491
image_1411.jpg,2.3382034973843107
image_1412.jpg,49.79766428388849
image_1413.jpg,10.612197528323685
image_1414.jpg,41.43298201959975
image_1415.jpg,16.810270715642858
image_1416.jpg,50.51139236837422
image_1417.jpg,46.80200838944549
image_1418.jpg,34.676062322284295
image_1419.jpg,15.240305325621929
image_142.jpg,1.5144846385398516
image_1420.jpg,32.40491312390657
image_1421.jpg,49.303664017770195
image_1422.jpg,74.21712630995344
image_1423.jpg,33.66844907742305
image_1424.jpg,33.322142394318334
image_1425.jpg,5.5197798846026345
image_1426.jpg,10.612830908373713
image_1427.jpg,54.16104914033364
image_1428.jpg,8.965325547180385
image_1429.jpg,9.00234256359775
image_143.jpg,18.886172868914404
image_1430.jpg,23.056933034104084
image_1431.jpg,9.312094425468285
image_1432.jpg,7.93668046148062
image_1433.jpg,34.86165302836518
image_1434.jpg,12.715399648590509
image_1435.jpg,40.20916631094222
image_1436.jpg,34.49937674047525
image_1437.jpg,59.42885715186351
image_1438.jpg,33.89947836683611
image_1439.jpg,41.84372864240482
image_144.jpg,11.82096949003034
image_1440.jpg,40.56541593836822
image_1441.jpg,43.818023652860326
image_1442.jpg,9.210907487385231
image_1443.jpg,33.1583034321768
image_1444.jpg,1.4402027641140713
image_1445.jpg,27.18173292602204
image_1446.jpg,68.4129250190222
image_1447.jpg,5.293085096304308
image_1448.jpg,48.708271908334915
image_1449.jpg,26.634708195229777
image_145.jpg,13.911554148167738
image_1450.jpg,1.672481557060498
image_1451.jpg,25.414877981806
image_1452.jpg,35.24143340002198
image_1453.jpg,46.25239239340783
image_1454.jpg,25.889571625509376
image_1455.jpg,69.15930063276463
image_1456.jpg,43.94578206620916
image_1457.jpg,74.45851170313539
image_1458.jpg,17.796927594026585
image_1459.jpg,54.61500479982059
image_146.jpg,58.9769460942356
image_1460.jpg,41.40973007662632
image_1461.jpg,70.36326291433576
image_1462.jpg,37.34330308126651
image_1463.jpg,3.600181836323156
image_1464.jpg,28.002855905289508
image_1465.jpg,72.286229556153
image_1466.jpg,12.94248807642849
image_1467.jpg,36.05141860271187
image_1468.jpg,32.11661105816583
image_1469.jpg,26.246984579926163
image_147.jpg,24.452065221893772
image_1470.jpg,30.663549673083057
image_1471.jpg,41.53606411655254
image_1472.jpg,62.359169838359804
image_1473.jpg,28.810516786509908
image_1474.jpg,25.56821260465353
image_1475.jpg,70.34229991007572
image_1476.jpg,78.21742884318033
image_1477.jpg,69.91963424473306
image_1478.jpg,54.686337278703604
image_1479.jpg,36.285493381065926
image_148.jpg,37.07046693375407
image_1480.jpg,35.66912996948828
image_1481.jpg,10.835955243378839
image_1482.jpg,16.28565347538073
image_1483.jpg,45.585805539731616
image_1484.jpg,28.693871206380372
image_1485.jpg,76.55204993249293
image_1486.jpg,45.66355878989556
image_1487.jpg,28.982306662246856
image_1488.jpg,63.3258780700516
image_1489.jpg,22.54810038973438
image_149.jpg,54.957861409756376
image_1490.jpg,20.163363208168988
image_1491.jpg,27.599860752560964
image_1492.jpg,33.210606963546184
image_1493.jpg,19.05676571855166
image_1494.jpg,46.00438019604676
image_1495.jpg,77.46193149289314
image_1496.jpg,25.987391419534983
image_1497.jpg,52.723607527702754
image_1498.jpg,34.987226886513795
image_1499.jpg,32.61582883722334
image_15.jpg,37.05164717581373
image_150.jpg,6.168797689864338
image_1500.jpg,36.99071359307352
image_1501.jpg,45.17218168805492
image_1502.jpg,41.02548062883124
image_1503.jpg,9.41942846104605
image_1504.jpg,61.070468214477216
image_1505.jpg,66.44821591632356
image_1506.jpg,67.32418038063417
image_1507.jpg,50.66746946944456
image_1508.jpg,56.410779615488565
image_1509.jpg,61.41757218893336
image_151.jpg,65.39552877763661
image_1510.jpg,40.5591408071531
image_1511.jpg,67.69070879879965
image_1512.jpg,37.34641214849526
image_1513.jpg,38.86895410252532
image_1514.jpg,36.21555471747337
image_1515.jpg,32.57157378072438
image_1516.jpg,64.81498910566418
image_1517.jpg,30.267356402916516
image_1518.jpg,36.10008785263501
image_1519.jpg,18.216929098215616
image_152.jpg,1.6180975295715703
image_1520.jpg,25.59994554454244
image_1521.jpg,12.85059518611317
image_1522.jpg,56.47602853657287
image_1523.jpg,31.314776922940226
image_1524.jpg,83.3146347652901
image_1525.jpg,38.79792336933571
image_1526.jpg,9.294901603206851
image_1527.jpg,39.38942234996905
image_1528.jpg,54.86933652200162
image_1529.jpg,29.611053558370543
image_153.jpg,25.198981120262616
image_1530.jpg,32.04370193324462
image_1531.jpg,41.19452739971982
image_1532.jpg,51.9011170527245
image_1533.jpg,36.61000142404899
image_1534.jpg,55.35060981206279
image_1535.jpg,25.969287944265197
image_1536.jpg,22.311879593649028
image_1537.jpg,69.38923274538644
image_1538.jpg,38.33317750111855
image_1539.jpg,57.15018213531118
image_154.jpg,84.74004812986271
image_1540.jpg,2.581827411599284
image_1541.jpg,32.68113196206846
image_1542.jpg,77.75705337524414
image_1543.jpg,63.00858495788155
image_1544.jpg,27.31102193824548
image_1545.jpg,59.81753109642834
image_1546.jpg,27.191523173872497
image_1547.jpg,21.490228035485956
image_1548.jpg,32.47970485033157
image_1549.jpg,63.63033622511457
image_155.jpg,10.536946266603405
image_1550.jpg,17.153000420176603
image_1551.jpg,2.4343463830823593
image_1552.jpg,59.10419739617241
image_1553.jpg,41.40781684373141
image_1554.jpg,40.28337366787004
image_1555.jpg,40.398476706610786
image_1556.jpg,21.679446448023917
image_1557.jpg,32.298441465663004
image_1558.jpg,44.944551575167516
image_1559.jpg,25.34901988653489
image_156.jpg,62.12318839032628
image_1560.jpg,57.39197588686426
image_1561.jpg,35.906493387104554
image_1562.jpg,68.39868346163274
image_1563.jpg,71.68496652297033
image_1564.jpg,39.108876585469815
image_1565.jpg,5.063838883355484
image_1566.jpg,51.87266334617415
image_1567.jpg,54.08060490381898
image_1568.jpg,15.79262435583421
image_1569.jpg,23.77581410479971
image_157.jpg,42.3219393846593
image_1570.jpg,16.130793918470953
image_1571.jpg,23.110183094427583
image_1572.jpg,47.48603355344922
image_1573.jpg,1.2002110987370236
image_1574.jpg,33.121361278539155
image_1575.jpg,62.058147783632634
image_1576.jpg,28.747637080230504
image_1577.jpg,12.701197711201528
image_1578.jpg,50.968360913960865
image_1579.jpg,8.05063896545494
image_158.jpg,32.30416594349636
image_1580.jpg,3.462675543315453
image_1581.jpg,49.622663811891655
image_1582.jpg,70.1184076798469
image_1583.jpg,32.03504998137758
image_1584.jpg,5.028299507290248
image_1585.jpg,50.75709299524462
image_1586.jpg,73.28950854224269
image_1587.jpg,66.27261009791914
image_1588.jpg,24.803595913126966
image_1589.jpg,31.73932970044381
image_159.jpg,6.7645150633996405
image_1590.jpg,39.79375083881477
image_1591.jpg,11.810198614463228
image_1592.jpg,13.70230761084537
image_1593.jpg,28.09441301296114
image_1594.jpg,31.011876103645818
image_1595.jpg,52.88717965857319
image_1596.jpg,22.504929780633027
image_1597.jpg,2.060660301821386
image_1598.jpg,54.291180216889984
image_1599.jpg,62.775997583104086
image_16.jpg,58.1957502168883
image_160.jpg,7.409896984675948
image_1600.jpg,5.052756513260682
image_1601.jpg,15.62975868308822
image_1602.jpg,77.50320069845483
image_1603.jpg,70.89625960089704
image_1604.jpg,67.18642038311324
image_1605.jpg,57.98144206032666
image_1606.jpg,60.74670689586749
image_1607.jpg,1.8785102928289827
image_1608.jpg,24.78025210868512
image_1609.jpg,59.253429635234994
image_161.jpg,30.23269926340655
image_1610.jpg,79.0043512770832
image_1611.jpg,54.7347986721044
image_1612.jpg,77.69832756555292
image_1613.jpg,14.949198009872955
image_1614.jpg,51.68027910250859
image_1615.jpg,44.859954245296535
image_1616.jpg,16.480027004524516
image_1617.jpg,71.60030371792851
image_1618.jpg,37.52851121742866
image_1619.jpg,34.51407272956335
image_162.jpg,11.664753122421285
image_1620.jpg,63.861596260541745
image_1621.jpg,33.33275558461213
image_1622.jpg,74.5132602487572
image_1623.jpg,37.86865433220674
image_1624.jpg,55.90171621921786
image_1625.jpg,26.62908934631138
image_1626.jpg,45.62875862278566
image_1627.jpg,63.932509850082084
image_1628.jpg,40.798106746909056
image_1629.jpg,12.94929474894729
image_163.jpg,49.11719305721331
image_1630.jpg,2.4023548822507617
image_1631.jpg,63.587622813890675
image_1632.jpg,75.14915758297767
image_1633.jpg,66.71748034682619
image_1634.jpg,45.598217188412605
image_1635.jpg,28.1261209166099
image_1636.jpg,60.108029874427494
image_1637.jpg,4.74584831687812
image_1638.jpg,19.47474344146268
image_1639.jpg,25.239348579663144
image_164.jpg,12.993316419494171
image_1640.jpg,26.12703437308062
image_1641.jpg,25.4121052149392
image_1642.jpg,9.596194347072858
image_1643.jpg,10.682197689192451
image_1644.jpg,62.930323050018856
image_1645.jpg,61.25014492709941
image_1646.jpg,10.602223977139946
image_1647.jpg,33.490808578512144
image_1648.jpg,78.69584060271254
image_1649.jpg,51.01827766407992
image_165.jpg,72.28633682292838
image_1650.jpg,11.134884642638955
image_1651.jpg,54.063821855395915
image_1652.jpg,8.183376599077665
image_1653.jpg,29.565292312611604
image_1654.jpg,29.149842081737127
image_1655.jpg,18.285400834103186
image_1656.jpg,22.86259310660866
image_1657.jpg,14.448384925334704
image_1658.jpg,56.834438250715664
image_1659.jpg,72.97794582748936
image_166.jpg,56.75967303094224
image_1660.jpg,53.633670733625834
image_1661.jpg,2.535519195355179
image_1662.jpg,37.70224999531142
image_1663.jpg,56.79823793010948
image_1664.jpg,7.7685878724881805
image_1665.jpg,50.11267501401967
image_1666.jpg,38.00632733212905
image_1667.jpg,60.09162078669043
image_1668.jpg,44.7364390521056
image_1669.jpg,51.8354584441427
image_167.jpg,38.91849065055898
image_1670.jpg,63.15499916128987
image_1671.jpg,9.984415715613974
image_1672.jpg,46.62456351804799
image_1673.jpg,8.27051811715376
image_1674.jpg,58.372785468814484
image_1675.jpg,47.11863752974731
image_1676.jpg,53.73104500476225
image_1677.jpg,48.6717146859084
image_1678.jpg,28.458977257109805
image_1679.jpg,44.52996762070309
image_168.jpg,48.581126159437716
image_1680.jpg,30.5090131092464
image_1681.jpg,32.611468022088786
image_1682.jpg,46.90924263000488
image_1683.jpg,24.314235195374458
image_1684.jpg,7.229759636239258
image_1685.jpg,1.6899269781649027
image_1686.jpg,4.436021024307596
image_1687.jpg,45.439540373772104
image_1688.jpg,7.050402794682277
image_1689.jpg,30.01174805226477
image_169.jpg,8.3315222175033
image_1690.jpg,60.69343017714179
image_1691.jpg,39.84441258518129
image_1692.jpg,32.93691247644412
image_1693.jpg,21.77089881504514
image_1694.jpg,31.38916024520727
image_1695.jpg,28.218272026020152
image_1696.jpg,29.216323869545597
image_1697.jpg,68.4099136111831
image_1698.jpg,40.97902206923246
image_1699.jpg,70.90982568999868
image_17.jpg,83.13869165491175
image_170.jpg,35.862434675009965
image_1700.jpg,63.53367512968505
image_1701.jpg,59.18511735003017
image_1702.jpg,39.832764846634305
image_1703.jpg,47.04032337256746
image_1704.jpg,30.572757382124703
image_1705.jpg,34.443447860016576
image_1706.jpg,70.71367400892807
image_1707.jpg,2.8214124401900995
image_1708.jpg,1.5080758092825306
image_1709.jpg,55.27629835550022
image_171.jpg,71.40206870980387
image_1710.jpg,27.388976002916873
image_1711.jpg,60.855573764063195
image_1712.jpg,46.947888681754485
image_1713.jpg,72.47169166533544
image_1714.jpg,25.57795080203251
image_1715.jpg,34.99696595776719
image_1716.jpg,7.9178514568894
image_1717.jpg,13.503488012792644
image_1718.jpg,24.998274851564847
image_1719.jpg,79.06682163337949
image_172.jpg,61.78655161811818
image_1720.jpg,57.54248686844103
image_1721.jpg,53.538910315033505
image_1722.jpg,14.641772669202181
image_1723.jpg,2.048801211254424
image_1724.jpg,27.940276153784232
image_1725.jpg,10.50835406338727
image_1726.jpg,60.922944232433096
image_1727.jpg,71.91435089948575
image_1728.jpg,6.152296314841272
image_1729.jpg,63.46870012374899
image_173.jpg,21.567267230835803
image_1730.jpg,10.821454565547947
image_1731.jpg,13.142443791011399
image_1732.jpg,66.04219182593997
image_1733.jpg,30.846235620632093
image_1734.jpg,37.2572700149892
image_1735.jpg,29.7886656563632
image_1736.jpg,55.72443366083424
image_1737.jpg,6.079246905605489
image_1738.jpg,59.40441988459666
image_1739.jpg,37.114066538660296
image_174.jpg,15.578356844898114
image_1740.jpg,47.169778993917916
image_1741.jpg,16.23242594152484
image_1742.jpg,69.58923305830675
image_1743.jpg,3.98308164183822
image_1744.jpg,34.39730518900973
image_1745.jpg,43.08298874424645
image_1746.jpg,6.036286035519406
image_1747.jpg,26.08308159994327
image_1748.jpg,35.66245323803854
image_1749.jpg,11.633131107839212
image_175.jpg,29.913831205852077
image_1750.jpg,64.73925968060277
image_1751.jpg,27.24406609221251
image_1752.jpg,10.604270367955966
image_1753.jpg,40.16697063367553
image_1754.jpg,45.53975033858186
image_1755.jpg,68.56941457049837
image_1756.jpg,49.41765068849581
image_1757.jpg,55.31690327784326
image_1758.jpg,51.082291905281465
image_1759.jpg,71.02779456453888
image_176.jpg,30.012137401251145
image_1760.jpg,76.6250610456218
image_1761.jpg,38.5615206222639
image_1762.jpg,32.93497107025691
image_1763.jpg,11.16647252787942
image_1764.jpg,19.84455286557128
image_1765.jpg,22.806116729443303
image_1766.jpg,71.84249769349485
image_1767.jpg,61.53045894743157
image_1768.jpg,49.11205492948473
image_1769.jpg,86.38843391428921
image_177.jpg,32.24628159506004
image_1770.jpg,65.65170771594892
image_1771.jpg,31.25795933183165
image_1772.jpg,25.34156709312575
image_1773.jpg,60.66934796713998
image_1774.jpg,68.38165015284746
image_1775.jpg,73.28074795130348
image_1776.jpg,3.4613890804871614
image_1777.jpg,1.0766343184949931
image_1778.jpg,50.58828550111119
image_1779.jpg,59.16090393066406
image_178.jpg,53.95674056378901
image_1780.jpg,8.949325105290352
image_1781.jpg,20.43208162545831
image_1782.jpg,23.828683121868284
image_1783.jpg,54.540034965232564
image_1784.jpg,56.76914137381095
image_1785.jpg,6.013911077515087
image_1786.jpg,1.2943996265428388
image_1787.jpg,62.319462981570744
image_1788.jpg,24.616153684336133
image_1789.jpg,69.4425597432873
image_179.jpg,50.935292101364254
image_1790.jpg,60.838897869910724
image_1791.jpg,67.13076128128952
image_1792.jpg,68.93760032810792
image_1793.jpg,7.080286810591059
image_1794.jpg,80.83073886300963
image_1795.jpg,19.63012103484982
image_1796.jpg,43.57096937883375
image_1797.jpg,24.79956005499359
image_1798.jpg,32.4704396283185
image_1799.jpg,29.263421661732785
image_18.jpg,31.173746399428133
image_180.jpg,29.04714954569834
image_1800.jpg,43.5198170854231
image_1801.jpg,61.1994502717739
image_1802.jpg,34.95346647819865
image_1803.jpg,71.27827700077262
image_1804.jpg,39.432948956273705
image_1805.jpg,60.378744868421094
image_1806.jpg,65.1638397405177
image_1807.jpg,2.9537783911852844
image_1808.jpg,16.93757127374616
image_1809.jpg,92.41415702495391
image_181.jpg,85.96094572069876
image_1810.jpg,23.898360619983222
image_1811.jpg,31.27037828416654
image_1812.jpg,67.31620257446959
image_1813.jpg,14.461648634268258
image_1814.jpg,24.228607834448383
image_1815.jpg,7.288803895641584
image_1816.jpg,28.708705207447945
image_1817.jpg,37.924727276355966
image_1818.jpg,11.13427656799023
image_1819.jpg,77.67301689221208
image_182.jpg,52.92664699005002
image_1820.jpg,60.150455595207475
image_1821.jpg,54.009910083765526
image_1822.jpg,60.65583338168423
image_1823.jpg,76.81395986214258
image_1824.jpg,9.125414859447297
image_1825.jpg,56.33105366710772
image_1826.jpg,18.891015827246985
image_1827.jpg,4.899241839580247
image_1828.jpg,62.91729528586724
image_1829.jpg,28.814194426778577
image_183.jpg,55.0431224367746
image_1830.jpg,16.382733155343423
image_1831.jpg,19.3083803251447
image_1832.jpg,65.85132256129806
image_1833.jpg,63.36814565096046
image_1834.jpg,48.970509467628595
image_1835.jpg,29.57359460351889
image_1836.jpg,26.514383003381383
image_1837.jpg,22.51107001206512
image_1838.jpg,66.16077973060976
image_1839.jpg,36.956848406170295
image_184.jpg,73.04293640618134
image_1840.jpg,64.90157170027535
image_1841.jpg,1.8963031435209046
image_1842.jpg,36.245354096421806
image_1843.jpg,9.883978917601993
image_1844.jpg,51.40065102387523
image_1845.jpg,39.229600958699876
image_1846.jpg,60.730362425125186
image_1847.jpg,53.71745156653134
image_1848.jpg,34.81271292708703
image_1849.jpg,65.06161684787159
image_185.jpg,1.5941454104271775
image_1850.jpg,59.9476507550568
image_1851.jpg,19.909733480550294
image_1852.jpg,38.10288348937067
image_1853.jpg,28.799822761525178
image_1854.jpg,65.64456438920135
image_1855.jpg,15.787265299442538
image_1856.jpg,60.43758268840355
image_1857.jpg,12.254346096630123
image_1858.jpg,26.042728889789764
image_1859.jpg,64.3267029708632
image_186.jpg,39.94738081813021
image_1860.jpg,39.253427549971796
image_1861.jpg,65.38117642657747
image_1862.jpg,56.420008888296955
image_1863.jpg,31.038500813299734
image_1864.jpg,47.96344087284124
image_1865.jpg,24.153390357196738
image_1866.jpg,59.81385905523524
image_1867.jpg,27.385216307411138
image_1868.jpg,39.487249377006044
image_1869.jpg,9.997066225371077
image_187.jpg,33.220351871966656
image_1870.jpg,37.09507648248241
image_1871.jpg,57.31074430259004
image_1872.jpg,51.05409934589401
image_1873.jpg,30.18920428010499
image_1874.jpg,42.19845870950749
image_1875.jpg,54.10075288937415
image_1876.jpg,21.876796671392498
image_1877.jpg,34.01362207985709
image_1878.jpg,63.14700716905632
image_1879.jpg,17.027250670601802
image_188.jpg,47.395387018986035
image_1880.jpg,25.567936461648827
image_1881.jpg,7.346390379472687
image_1882.jpg,48.5160501817617
image_1883.jpg,64.39370909378201
image_1884.jpg,34.7215341834865
image_1885.jpg,64.71295306254154
image_1886.jpg,64.97158563349636
image_1887.jpg,65.03109009668171
image_1888.jpg,69.89791655049893
image_1889.jpg,68.70131296123824
image_189.jpg,61.721672393003445
image_1890.jpg,30.034733663697633
image_1891.jpg,2.1887627611925575
image_1892.jpg,10.698750421343517
image_1893.jpg,68.29127109982839
image_1894.jpg,51.350339494451404
image_1895.jpg,1.4602048965311507
image_1896.jpg,72.30736593029299
image_1897.jpg,69.97636596721549
image_1898.jpg,57.51912132964377
image_1899.jpg,25.247108192600834
image_19.jpg,8.210916614336242
image_190.jpg,39.86332867730956
image_1900.jpg,67.72635669472777
image_1901.jpg,28.95821851565514
image_1902.jpg,61.560706749538014
image_1903.jpg,34.23230543777612
image_1904.jpg,26.50905492309026
image_1905.jpg,12.808266487304731
image_1906.jpg,60.38343564571177
image_1907.jpg,53.86983881402243
image_1908.jpg,80.58101115076302
image_1909.jpg,4.611436114553235
image_191.jpg,26.56557457796994
image_1910.jpg,34.96046881813081
image_1911.jpg,8.69887788698016
image_1912.jpg,1.4121124722339486
image_1913.jpg,50.34303966569311
image_1914.jpg,35.61713487261443
image_1915.jpg,39.97367460672092
image_1916.jpg,42.623460672846875
image_1917.jpg,46.628346732287426
image_1918.jpg,28.684977515734765
image_1919.jpg,5.006270950550242
image_192.jpg,44.079159389961575
image_1920.jpg,45.3582648969318
image_1921.jpg,39.74704288487898
image_1922.jpg,53.49602363073613
image_1923.jpg,41.61294905213826
image_1924.jpg,61.027667528317295
image_1925.jpg,31.259580387173045
image_1926.jpg,23.74776141633713
image_1927.jpg,75.25802799638245
image_1928.jpg,31.168944470022275
image_1929.jpg,28.605730837755246
image_193.jpg,35.10924146073999
image_1930.jpg,69.97726179837198
image_1931.jpg,18.324062565880713
image_1932.jpg,20.80896851260966
image_1933.jpg,67.89134904942557
image_1934.jpg,58.32898443454906
image_1935.jpg,28.117686398562423
image_1936.jpg,5.425569768141654
image_1937.jpg,61.26673746566878
image_1938.jpg,34.414996130149234
image_1939.jpg,75.34387791532876
image_194.jpg,4.892187978341584
image_1940.jpg,63.379244941742826
image_1941.jpg,9.977454022615536
image_1942.jpg,1.5777230732889003
image_1943.jpg,11.038350625947345
image_1944.jpg,57.43392990384409
image_1945.jpg,37.564112204092524
image_1946.jpg,27.01478599291933
image_1947.jpg,56.317593881949804
image_1948.jpg,45.77384264282729
image_1949.jpg,68.85869776303224
image_195.jpg,9.308808680587997
image_196.jpg,21.886795499197255
image_197.jpg,8.6915354924928
image_198.jpg,81.72896634011602
image_199.jpg,38.33893346066992
image_2.jpg,77.0943196666911
image_20.jpg,83.62278402718336
image_200.jpg,16.7732834004898
image_201.jpg,80.79857558576167
image_202.jpg,53.919387022000116
image_203.jpg,73.06730934948915
image_204.jpg,29.477949665734144
image_205.jpg,59.13930184425804
image_206.jpg,28.55219038948928
image_207.jpg,55.036712845330044
image_208.jpg,24.848770519669984
image_209.jpg,27.18924440506882
image_21.jpg,10.338701420850715
image_210.jpg,56.68483615346733
image_211.jpg,60.89764390953283
image_212.jpg,57.167702451164345
image_213.jpg,30.27825056868816
image_214.jpg,42.81810653749317
image_215.jpg,29.612128790186922
image_216.jpg,42.11220933315031
image_217.jpg,38.96957924925252
image_218.jpg,63.36692274745109
image_219.jpg,9.079253710509981
image_22.jpg,40.775165924155985
image_220.jpg,33.15222205121495
image_221.jpg,34.57212802771842
image_222.jpg,21.489718615109375
image_223.jpg,66.64062663524402
image_224.jpg,25.751008050758983
image_225.jpg,61.07330678094726
image_226.jpg,63.26163736979167
image_227.jpg,85.2653777720343
image_228.jpg,70.0381265648108
image_229.jpg,48.33950519430948
image_23.jpg,33.527014843557424
image_230.jpg,61.40354052885078
image_231.jpg,42.62928503269357
image_232.jpg,77.33422615040806
image_233.jpg,52.36512705589682
image_234.jpg,36.70076680019885
image_235.jpg,46.263094717583044
image_236.jpg,77.55018845965014
image_237.jpg,59.36181001702454
image_238.jpg,29.24638959573292
image_239.jpg,8.383121634052937
image_24.jpg,50.16085245056571
image_240.jpg,51.011491733650445
image_241.jpg,41.622832323134524
image_242.jpg,31.266701884066947
image_243.jpg,25.095232916466983
image_244.jpg,18.557343119292923
image_245.jpg,29.444009205277894
image_246.jpg,55.09924804101429
image_247.jpg,43.28337501400293
image_248.jpg,1.506969395161329
image_249.jpg,33.924641194494015
image_25.jpg,64.1238669825843
image_250.jpg,50.39636107760039
image_251.jpg,25.48631611445967
image_252.jpg,7.396890900916686
image_253.jpg,34.16260706217365
image_254.jpg,23.297561096065824
image_255.jpg,58.10444495380334
image_256.jpg,15.539013729828051
image_257.jpg,39.45478719808111
image_258.jpg,55.06933777943887
image_259.jpg,71.45470398116666
image_26.jpg,35.674542124869895
image_260.jpg,45.92540569331584
image_261.jpg,31.703305749409154
image_262.jpg,27.296772704366475
image_263.jpg,23.334286730312353
image_264.jpg,29.8636277241962
image_265.jpg,57.104633569390366
image_266.jpg,45.308261832092036
image_267.jpg,5.646837514123799
image_268.jpg,27.062738767867224
image_269.jpg,62.069322468322
image_27.jpg,7.758472069791315
image_270.jpg,12.524100520483262
image_271.jpg,6.398436365794742
image_272.jpg,62.6265178701351
image_273.jpg,36.254538574009445
image_274.jpg,69.05390080372163
image_275.jpg,24.121507856580944
image_276.jpg,35.660695543014455
image_277.jpg,26.926905501199528
image_278.jpg,21.403184834494674
image_279.jpg,44.93986462827246
image_28.jpg,10.754537700789129
image_280.jpg,48.764085029214826
image_281.jpg,57.158373708424094
image_282.jpg,12.070544640550235
image_283.jpg,33.89221740979062
image_284.jpg,64.10650900329256
image_285.jpg,46.749848424652484
image_286.jpg,27.966214023009247
image_287.jpg,18.550095969593897
image_288.jpg,61.46819706250939
image_289.jpg,32.87607727521731
image_29.jpg,24.262444388882777
image_290.jpg,55.094727250610674
image_291.jpg,29.628570729322398
image_292.jpg,2.447588186123408
image_293.jpg,24.762101628652815
image_294.jpg,13.740746413729319
image_295.jpg,38.722864756695365
image_296.jpg,1.499922797022533
image_297.jpg,41.59325844826195
image_298.jpg,19.75630033490425
image_299.jpg,26.1499712764808
image_3.jpg,58.20086474739148
image_30.jpg,59.24613060185938
image_300.jpg,26.137436033439897
image_301.jpg,7.92883196191042
image_302.jpg,70.01775028349113
image_303.jpg,82.72766979306488
image_304.jpg,38.115819580433964
image_305.jpg,53.228554133034535
image_306.jpg,31.259362449698326
image_307.jpg,56.92598793699582
image_308.jpg,59.446652426804704
image_309.jpg,27.76777805909208
image_31.jpg,7.65003367510352
image_310.jpg,9.281803993204164
image_311.jpg,29.59788772075428
image_312.jpg,37.539890584958755
image_313.jpg,36.77425365160195
image_314.jpg,58.44423663763352
image_315.jpg,29.8870882732878
image_316.jpg,38.87007811955791
image_317.jpg,61.253837313344626
image_318.jpg,11.246938002943502
image_319.jpg,72.27086809469677
image_32.jpg,64.63104231040337
image_320.jpg,49.89344457409183
image_321.jpg,60.38700964028943
image_322.jpg,55.15824342787838
image_323.jpg,37.8538420563372
image_324.jpg,35.886477291175204
image_325.jpg,74.37702888520167
image_326.jpg,75.36829164293079
image_327.jpg,75.73677849475249
image_328.jpg,62.058850585351436
image_329.jpg,23.585734923353574
image_33.jpg,23.967097651974814
image_330.jpg,66.2224463029817
image_331.jpg,53.21761066400139
image_332.jpg,73.31586820500378
image_333.jpg,1.3611692113313818
image_334.jpg,36.005122931732885
image_335.jpg,27.366700833062907
image_336.jpg,72.94120110405817
image_337.jpg,57.935649298836665
image_338.jpg,65.7123350789681
image_339.jpg,61.55873321669256
image_34.jpg,56.29191381352429
image_340.jpg,37.724207238405334
image_341.jpg,47.80251653433173
image_342.jpg,44.30057548135723
image_343.jpg,17.253046457005464
image_344.jpg,64.83983733461065
image_345.jpg,67.11178151668344
image_346.jpg,6.757409807749408
image_347.jpg,59.26899433005167
image_348.jpg,44.33939081880127
image_349.jpg,27.55616851958391
image_35.jpg,8.356978356265893
image_350.jpg,31.617915506716127
image_351.jpg,71.57047466911243
image_352.jpg,35.843367512497565
image_353.jpg,34.40488655053703
image_354.jpg,20.214072482576093
image_355.jpg,3.025059524305237
image_356.jpg,31.0307416510353
image_357.jpg,4.557906254655867
image_358.jpg,31.554858271804203
image_359.jpg,75.26177288835105
image_36.jpg,32.69439664168287
image_360.jpg,24.052725612708407
image_361.jpg,43.7630854215478
image_362.jpg,59.20140477299526
image_363.jpg,55.36587464498721
image_364.jpg,10.885320988865711
image_365.jpg,58.92354454752184
image_366.jpg,30.352693789289816
image_367.jpg,46.29572447893224
image_368.jpg,58.72396509146985
image_369.jpg,65.41290988581991
image_37.jpg,50.52668804592557
image_370.jpg,25.744738676911027
image_371.jpg,53.512154447034874
image_372.jpg,52.21215725337528
image_373.jpg,43.31150941757183
image_374.jpg,46.663998921712235
image_375.jpg,11.784854211924987
image_376.jpg,73.32160300842202
image_377.jpg,11.777075961129981
image_378.jpg,73.97962659147704
image_379.jpg,55.02544194549854
image_38.jpg,8.916845005726127
image_380.jpg,57.19760744856218
image_381.jpg,46.54843177586099
image_382.jpg,15.324051223174044
image_383.jpg,70.41064060143154
image_384.jpg,29.386806022319615
image_385.jpg,72.97094515158153
image_386.jpg,47.424044228385014
image_387.jpg,21.328655443073792
image_388.jpg,33.72074757354905
image_389.jpg,1.1447442115906663
image_39.jpg,27.503294056498632
image_390.jpg,30.993313400833692
image_391.jpg,16.82681757399738
image_392.jpg,8.232845763283667
image_393.jpg,34.73054154190671
image_394.jpg,6.25674755877428
image_395.jpg,7.769763553420541
image_396.jpg,30.624365304232626
image_397.jpg,17.03288255830197
image_398.jpg,15.969805879030373
image_399.jpg,44.19815761006254
image_4.jpg,30.967274291688682
image_40.jpg,75.40359440556279
image_400.jpg,61.992334881273635
image_401.jpg,55.40093746630088
image_402.jpg,33.55009165189558
image_403.jpg,47.534644651478374
image_404.jpg,64.52616569403924
image_405.jpg,30.4532189846693
image_406.jpg,32.08969366991961
image_407.jpg,4.358088479611118
image_408.jpg,57.05293425414788
image_409.jpg,26.09857080273831
image_41.jpg,76.05245920921712
image_410.jpg,74.56250785440412
image_411.jpg,23.305275799315652
image_412.jpg,25.914022233751083
image_413.jpg,49.953672068926856
image_414.jpg,73.58289963522074
image_415.jpg,22.621410940246165
image_416.jpg,55.917736733728304
image_417.jpg,44.447384367263865
image_418.jpg,25.037422847355344
image_419.jpg,10.730670043961009
image_42.jpg,54.33457975034361
image_420.jpg,1.5100067410776483
image_421.jpg,5.007571528804974
image_422.jpg,29.145348187827278
image_423.jpg,1.6884698087786454
image_424.jpg,66.9039262005004
image_425.jpg,5.667490167382322
image_426.jpg,66.95408320067189
image_427.jpg,25.865408682855886
image_428.jpg,42.935412329737865
image_429.jpg,22.758431254100405
image_43.jpg,61.32786194025571
image_430.jpg,26.38810427133275
image_431.jpg,24.02533980423204
image_432.jpg,80.16658140373491
image_433.jpg,33.843812621997046
image_434.jpg,85.07044728597005
image_435.jpg,27.35889743548525
image_436.jpg,72.44516783453963
image_437.jpg,30.38450917556616
image_438.jpg,61.52467074348439
image_439.jpg,16.85779857897137
image_44.jpg,48.29279830001183
image_440.jpg,28.35395238690579
image_441.jpg,29.15264659196098
image_442.jpg,34.24366659915333
image_443.jpg,32.48375176860145
image_444.jpg,57.602503934841906
image_445.jpg,25.41935107148724
image_446.jpg,11.904563863254545
image_447.jpg,57.30483344749168
image_448.jpg,26.827563394407836
image_449.jpg,63.1998689884348
image_45.jpg,66.68048555926202
image_450.jpg,57.440133671701695
image_451.jpg,40.08826607964494
image_452.jpg,66.60398229224856
image_453.jpg,17.965499986509887
image_454.jpg,40.7351534938943
image_455.jpg,28.920184406233425
image_456.jpg,38.20767872552649
image_457.jpg,34.79088302240777
image_458.jpg,35.84983415695211
image_459.jpg,1.8781068632468605
image_46.jpg,22.201841814854838
image_460.jpg,35.07578137349364
image_461.jpg,32.60984956089852
image_462.jpg,62.90071277592243
image_463.jpg,11.639974787729104
image_464.jpg,2.060874975512548
image_465.jpg,79.53566103544091
image_466.jpg,45.32180844216681
image_467.jpg,80.28016905921967
image_468.jpg,61.789247259027505
image_469.jpg,42.4958547034872
image_47.jpg,72.58841421705543
image_470.jpg,24.23038405351678
image_471.jpg,31.477011010807075
image_472.jpg,49.5409412148558
image_473.jpg,19.43786945460755
image_474.jpg,42.474700734121484
image_475.jpg,24.337158655760547
image_476.jpg,83.31946816987299
image_477.jpg,26.434756947479464
image_478.jpg,1.6710023709121884
image_479.jpg,1.5181812056952215
image_48.jpg,27.43859099295241
image_480.jpg,46.61699125763485
image_481.jpg,31.438108824898677
image_482.jpg,63.81084344285671
image_483.jpg,22.54602164594234
image_484.jpg,9.087643193609921
image_485.jpg,63.74338458496848
image_486.jpg,44.7258394709667
image_487.jpg,7.530167889366096
image_488.jpg,36.716735256388674
image_489.jpg,68.46973955287854
image_49.jpg,5.677177158729858
image_490.jpg,13.337838493420428
image_491.jpg,58.33695296037672
image_492.jpg,72.91475980991527
image_493.jpg,65.33663231911154
image_494.jpg,17.33876785231225
image_495.jpg,51.40393120303892
image_496.jpg,30.661997367325142
image_497.jpg,17.421387202128138
image_498.jpg,22.798153017774037
image_499.jpg,46.07932307919684
image_5.jpg,69.33726534431364
image_50.jpg,45.747186359881695
image_500.jpg,4.838330472938319
image_501.jpg,71.05938060849454
image_502.jpg,84.26269174897621
image_503.jpg,38.386212648514686
image_504.jpg,36.63501065258136
image_505.jpg,62.357077275447566
image_506.jpg,29.564366409971548
image_507.jpg,13.105790741976723
image_508.jpg,45.74791826894417
image_509.jpg,53.76913942721646
image_51.jpg,28.642078951716584
image_510.jpg,83.9912438673901
image_511.jpg,20.149069117584013
image_512.jpg,56.599755450694815
image_513.jpg,1.4156289560968167
image_514.jpg,23.732386523640535
image_515.jpg,19.282071774225013
image_516.jpg,55.42506609106915
image_517.jpg,23.43568729013409
image_518.jpg,5.210449457495628
image_519.jpg,69.24519344481584
image_52.jpg,29.133190675690994
image_520.jpg,1.4774603084118114
image_521.jpg,5.6184759087686835
image_522.jpg,85.72902979281704
image_523.jpg,65.98589559118116
image_524.jpg,32.004828820666816
image_525.jpg,24.166312297512313
image_526.jpg,13.011421959096023
image_527.jpg,57.96499006901913
image_528.jpg,45.06145536425346
image_529.jpg,41.002955963909216
image_53.jpg,39.176834619257846
image_530.jpg,71.6022406657864
image_531.jpg,56.293235907011734
image_532.jpg,51.191191972855506
image_533.jpg,15.51646192770436
image_534.jpg,30.92582851770974
image_535.jpg,55.28399723612887
image_536.jpg,32.22827429437834
image_537.jpg,38.16244496893655
image_538.jpg,32.77080474534317
image_539.jpg,48.10938815521114
image_54.jpg,6.731635567255635
image_540.jpg,48.43611083534356
image_541.jpg,65.76003609174563
image_542.jpg,9.165050734871862
image_543.jpg,48.33285876458565
image_544.jpg,57.54306331419978
image_545.jpg,14.572905801778305
image_546.jpg,66.12220134656616
image_547.jpg,25.493942420342005
image_548.jpg,10.140879963978165
image_549.jpg,32.51462548259845
image_55.jpg,29.31112835861855
image_550.jpg,82.50236454716435
image_551.jpg,75.49753250833729
image_552.jpg,32.75301691534098
image_553.jpg,40.126084106612765
image_554.jpg,50.28317318826055
image_555.jpg,83.73225837676122
image_556.jpg,1.8856629331089012
image_557.jpg,66.42812546257781
image_558.jpg,44.66060865268786
image_559.jpg,61.33338840573578
image_56.jpg,53.396627808140465
image_560.jpg,48.20452237227327
image_561.jpg,56.991101640405645
image_562.jpg,26.543936637857485
image_563.jpg,58.07517589103374
image_564.jpg,7.542323353195714
image_565.jpg,46.2243118233805
image_566.jpg,15.789524869827252
image_567.jpg,68.32139741246102
image_568.jpg,38.936386105782034
image_569.jpg,6.989240830981355
image_57.jpg,28.921220712700986
image_570.jpg,15.357780060159817
image_571.jpg,25.51065931333273
image_572.jpg,55.10675831652145
image_573.jpg,25.570140910573787
image_574.jpg,61.53180938166028
image_575.jpg,33.09122798537685
image_576.jpg,40.767929618741256
image_577.jpg,42.77531869781035
image_578.jpg,49.43445565703802
image_579.jpg,73.76288308037651
image_58.jpg,8.463323946352357
image_580.jpg,77.98483839937688
image_581.jpg,40.34329882439927
image_582.jpg,71.00942567738977
image_583.jpg,12.192935986119856
image_584.jpg,54.60737656173393
image_585.jpg,28.121263157356584
image_586.jpg,52.61020188926834
image_587.jpg,44.422589298138405
image_588.jpg,65.79870300659266
image_589.jpg,53.0322810697621
image_59.jpg,53.61008670529547
image_590.jpg,23.27842870301507
image_591.jpg,60.70034816202968
image_592.jpg,64.15691498179496
image_593.jpg,28.968171199489852
image_594.jpg,71.60393842846278
image_595.jpg,29.559248050380965
image_596.jpg,49.32304338630499
image_597.jpg,56.54233412356698
image_598.jpg,58.580699303186165
image_599.jpg,70.4014866832843
image_6.jpg,15.467857874960567
image_60.jpg,40.805392240464116
image_600.jpg,40.621078475512604
image_601.jpg,23.951217884225937
image_602.jpg,67.7821295467424
image_603.jpg,73.69080253360366
image_604.jpg,68.82410084759749
image_605.jpg,48.47715902393901
image_606.jpg,9.00432006289112
image_607.jpg,50.06315035878876
image_608.jpg,49.8007993187924
image_609.jpg,34.056973122438464
image_61.jpg,43.34590187648361
image_610.jpg,32.27049031408072
image_611.jpg,57.82759621702594
image_612.jpg,14.377447011212423
image_613.jpg,73.64225769042969
image_614.jpg,31.374510885429643
image_615.jpg,51.31946615525234
image_616.jpg,48.98690107264473
image_617.jpg,63.555207591325
image_618.jpg,56.60626318294489
image_619.jpg,37.46001515565096
image_62.jpg,15.978228951677863
image_620.jpg,8.906565195248453
image_621.jpg,30.387570043650186
image_622.jpg,27.054746258896564
image_623.jpg,11.499161171487987
image_624.jpg,8.77493843064223
image_625.jpg,75.64571149849597
image_626.jpg,1.2689408726162381
image_627.jpg,61.45445171664936
image_628.jpg,10.02647452491792
image_629.jpg,37.680336423698606
image_63.jpg,52.09095694564171
image_630.jpg,55.10706251115629
image_631.jpg,2.171662492189552
image_632.jpg,25.311143760000885
image_633.jpg,40.28557207554948
image_634.jpg,23.6283392899648
image_635.jpg,23.73262611305436
image_636.jpg,38.704419862095705
image_637.jpg,24.91630665264993
image_638.jpg,54.96915329042287
image_639.jpg,34.39218365181294
image_64.jpg,31.015540671119645
image_640.jpg,34.26090106780963
image_641.jpg,28.888183128032505
image_642.jpg,31.835321245860655
image_643.jpg,1.452869126907919
image_644.jpg,11.79827188824103
image_645.jpg,65.37123031773194
image_646.jpg,77.11282744754327
image_647.jpg,81.25179193965037
image_648.jpg,26.9789311692875
image_649.jpg,25.743977328223302
image_65.jpg,13.515214846130917
image_650.jpg,2.3305151953945753
image_651.jpg,41.88634813567739
image_652.jpg,54.98471584241577
image_653.jpg,33.44797450721019
image_654.jpg,4.500053492429652
image_655.jpg,44.712516564891175
image_656.jpg,50.98744455973308
image_657.jpg,65.12791894721724
image_658.jpg,41.25172900761106
image_659.jpg,3.4507044046831066
image_66.jpg,58.45084069491414
image_660.jpg,5.907134523117002
image_661.jpg,72.82991724838445
image_662.jpg,27.870816319731198
image_663.jpg,23.58105663540269
image_664.jpg,24.63660147291479
image_665.jpg,26.03977240260246
image_666.jpg,17.583452376482086
image_667.jpg,60.37638316265676
image_668.jpg,52.484322952144936
image_669.jpg,48.03394345099052
image_67.jpg,29.420580746215066
image_670.jpg,24.027201523015528
image_671.jpg,28.441194603636106
image_672.jpg,33.68185186974796
image_673.jpg,57.932860611234034
image_674.jpg,60.33256133070372
image_675.jpg,2.0458926968123197
image_676.jpg,14.400051596396906
image_677.jpg,82.8095743940691
image_678.jpg,58.067789621968004
image_679.jpg,16.820304581494327
image_68.jpg,70.50683865331328
image_680.jpg,12.55008243238975
image_681.jpg,35.93224439634053
image_682.jpg,30.34253773604238
image_683.jpg,61.58636283351234
image_684.jpg,33.99077701437784
image_685.jpg,52.85888834091207
image_686.jpg,62.51333064274206
image_687.jpg,30.159686013994886
image_688.jpg,45.71123924046061
image_689.jpg,59.96830626541369
image_69.jpg,27.603367279586482
image_690.jpg,40.78628947149415
image_691.jpg,16.79796870811159
image_692.jpg,64.89785234689384
image_693.jpg,67.14011428581834
image_694.jpg,34.67079887991906
image_695.jpg,6.302767457621906
image_696.jpg,53.053001024431985
image_697.jpg,32.12683482621432
image_698.jpg,86.6823896086265
image_699.jpg,59.2351740822707
image_7.jpg,61.288910838311594
image_70.jpg,9.7589457914826
image_700.jpg,10.180957653558469
image_701.jpg,26.679526158975147
image_702.jpg,22.078516682806658
image_703.jpg,57.005953517960926
image_704.jpg,32.22914698617775
image_705.jpg,75.58072180414396
image_706.jpg,30.96176022266655
image_707.jpg,4.753728308304838
image_708.jpg,22.556481381012084
image_709.jpg,7.497427271226796
image_71.jpg,34.030182763872816
image_710.jpg,10.190997725815112
image_711.jpg,69.38299552697706
image_712.jpg,57.877878442876785
image_713.jpg,42.09996555208015
image_714.jpg,64.3382694207755
image_715.jpg,62.78334882655098
image_716.jpg,5.850407485281653
image_717.jpg,66.66726928417903
image_718.jpg,25.69439959689586
image_719.jpg,27.57484386062098
image_72.jpg,25.661702886039826
image_720.jpg,53.44361631500705
image_721.jpg,62.81332247541766
image_722.jpg,13.688207311067725
image_723.jpg,44.42381329529897
image_724.jpg,27.4080996428334
image_725.jpg,31.669860255080486
image_726.jpg,31.827026656298642
image_727.jpg,52.40076694305377
image_728.jpg,46.22881467842762
image_729.jpg,18.726716795085387
image_73.jpg,58.46878754258646
image_730.jpg,32.27088078942318
image_731.jpg,57.24425488277065
image_732.jpg,23.247266136242693
image_733.jpg,26.969668631691015
image_734.jpg,81.57892917376648
image_735.jpg,25.603793129835925
image_736.jpg,34.9283814109729
image_737.jpg,21.880173424143848
image_738.jpg,26.52197198776224
image_739.jpg,73.22773193757067
image_74.jpg,16.486830990010326
image_740.jpg,36.098030747046025
image_741.jpg,4.131487625125995
image_742.jpg,52.32388249411669
image_743.jpg,49.25059537011083
image_744.jpg,37.053964567773136
image_745.jpg,61.79725939485108
image_746.jpg,23.923862127610196
image_747.jpg,63.84960659116058
image_748.jpg,13.470925647698966
image_749.jpg,54.03042114582245
image_75.jpg,1.8465293846176152
image_750.jpg,22.40212209463447
image_751.jpg,5.780426008711135
image_752.jpg,30.139621442891602
image_753.jpg,26.915319064680602
image_754.jpg,35.28400223081821
image_755.jpg,68.29339455184622
image_756.jpg,59.220881863713096
image_757.jpg,9.27069789653616
image_758.jpg,40.927042427376946
image_759.jpg,26.221884757566514
image_76.jpg,61.76753657410338
image_760.jpg,36.181309005360546
image_761.jpg,43.83581750971791
image_762.jpg,47.82335483619052
image_763.jpg,60.82783868316106
image_764.jpg,28.011560958108785
image_765.jpg,57.81513028085968
image_766.jpg,37.14963258342979
image_767.jpg,41.99474213054641
image_768.jpg,41.60951975703403
image_769.jpg,72.39434154076179
image_77.jpg,7.240117939738417
image_770.jpg,47.88064368762107
image_771.jpg,7.855808453958874
image_772.jpg,85.15121707471471
image_773.jpg,24.029804802725835
image_774.jpg,44.80120462645229
image_775.jpg,48.405864961516876
image_776.jpg,24.34410248535324
image_777.jpg,60.44508476675948
image_778.jpg,15.440810106745797
image_779.jpg,55.898247427083504
image_78.jpg,91.89546255417812
image_780.jpg,28.434084970764665
image_781.jpg,26.300042567102672
image_782.jpg,17.810075040380326
image_783.jpg,1.2581557607781577
image_784.jpg,41.229021391587324
image_785.jpg,53.56802701492205
image_786.jpg,55.423358666062846
image_787.jpg,66.21196980993116
image_788.jpg,74.40761401852791
image_789.jpg,72.76117810431168
image_79.jpg,43.58529033582398
image_790.jpg,43.32005408958153
image_791.jpg,46.683862312013396
image_792.jpg,26.48366600397683
image_793.jpg,31.980231765202866
image_794.jpg,5.847584566788745
image_795.jpg,1.2980732355261702
image_796.jpg,26.531119928765527
image_797.jpg,83.92371622198075
image_798.jpg,58.54945898906358
image_799.jpg,10.396110944787173
image_8.jpg,44.191700052331996
image_80.jpg,27.657758037739818
image_800.jpg,63.788006038168646
image_801.jpg,47.404454282281826
image_802.jpg,64.01550352622452
image_803.jpg,33.039349495792266
image_804.jpg,28.932816929287384
image_805.jpg,28.724025917314858
image_806.jpg,20.652142064234518
image_807.jpg,33.4337658927928
image_808.jpg,69.28843581169559
image_809.jpg,73.17715671785248
image_81.jpg,69.94469193404922
image_810.jpg,11.244034679828847
image_811.jpg,54.27885942759992
image_812.jpg,63.85142931787729
image_813.jpg,10.204447497065665
image_814.jpg,37.705366851534535
image_815.jpg,14.115725574833542
image_816.jpg,31.844040921686116
image_817.jpg,32.917730912259586
image_818.jpg,57.517648212867186
image_819.jpg,72.07990380013759
image_82.jpg,64.24982244127898
image_820.jpg,27.009578445811332
image_821.jpg,50.91566437981582
image_822.jpg,13.545632358441138
image_823.jpg,56.05965693333839
image_824.jpg,44.27777981594593
image_825.jpg,10.934926965109113
image_826.jpg,62.36697404440213
image_827.jpg,41.85747258457137
image_828.jpg,51.36955839191118
image_829.jpg,29.333612690573702
image_83.jpg,19.644707405681636
image_830.jpg,1.9630024829682664
image_831.jpg,2.2614900477138566
image_832.jpg,21.488906024414817
image_833.jpg,1.231335969209998
image_834.jpg,84.86816580501605
image_835.jpg,8.797075073087822
image_836.jpg,24.706657955185378
image_837.jpg,5.651385864930225
image_838.jpg,55.519237240973155
image_839.jpg,8.129219600039093
image_84.jpg,52.70987340877412
image_840.jpg,5.834891420332983
image_841.jpg,54.82325466506602
image_842.jpg,25.627706480614933
image_843.jpg,69.8507366154256
image_844.jpg,39.74692700756266
image_845.jpg,19.746548037797172
image_846.jpg,1.4868039183001782
image_847.jpg,1.7330908671491594
image_848.jpg,48.876378076393735
image_849.jpg,32.76903701122896
image_85.jpg,10.628364688575022
image_850.jpg,29.114896929967216
image_851.jpg,38.64006750083264
image_852.jpg,68.87500429872952
image_853.jpg,26.014656928995176
image_854.jpg,63.60475283231591
image_855.jpg,40.46115889111009
image_856.jpg,39.16295243617765
image_857.jpg,70.55614376198935
image_858.jpg,25.19688884253692
image_859.jpg,37.990811111178104
image_86.jpg,17.524161391133966
image_860.jpg,61.58636283351234
image_861.jpg,22.580769444689334
image_862.jpg,11.477745737722053
image_863.jpg,49.170176052098725
image_864.jpg,14.121224267983145
image_865.jpg,16.896706745948322
image_866.jpg,25.052381007269084
image_867.jpg,77.06939819712696
image_868.jpg,47.65819056370948
image_869.jpg,54.90255888270417
image_87.jpg,55.67643870443965
image_870.jpg,30.8452348839926
image_871.jpg,38.84409311082627
image_872.jpg,67.23005650890545
image_873.jpg,83.75310423737201
image_874.jpg,50.843577802263
image_875.jpg,64.56911135177717
image_876.jpg,33.9045846282373
image_877.jpg,15.440197351374577
image_878.jpg,30.992425452861607
image_879.jpg,34.78567067160692
image_88.jpg,83.457180174944
image_880.jpg,62.28644738635572
image_881.jpg,74.01146038667656
image_882.jpg,47.27518037448041
image_883.jpg,79.16241994577834
image_884.jpg,61.543120170980494
image_885.jpg,61.0549235664441
image_886.jpg,27.130012980540926
image_887.jpg,29.32616856657428
image_888.jpg,27.95915771740782
image_889.jpg,30.870121726937413
image_89.jpg,10.545467131422381
image_890.jpg,67.73977064857428
image_891.jpg,36.0426988470865
image_892.jpg,33.72796325003332
image_893.jpg,27.99178667944972
image_894.jpg,33.89399712304846
image_895.jpg,50.694954313531994
image_896.jpg,1.6905264721976387
image_897.jpg,33.109152241825896
image_898.jpg,49.81398485128772
image_899.jpg,54.22761467880019
image_9.jpg,9.947788248336854
image_90.jpg,53.16107978088211
image_900.jpg,25.561828099160525
image_901.jpg,14.968944168548692
image_902.jpg,58.04288629968798
image_903.jpg,48.96751047717854
image_904.jpg,49.22042713505415
image_905.jpg,36.87974542583784
image_906.jpg,52.69874778140556
image_907.jpg,27.19823471639709
image_908.jpg,33.70447175427555
image_909.jpg,28.03254225093805
image_91.jpg,71.35648458975334
image_910.jpg,55.040096725128976
image_911.jpg,26.131061407437215
image_912.jpg,66.69424829365295
image_913.jpg,29.8151132193776
image_914.jpg,46.444151539534374
image_915.jpg,48.88936089880673
image_916.jpg,35.635148277335034
image_917.jpg,61.83499661460009
image_918.jpg,29.639954820745444
image_919.jpg,69.70893902248807
image_92.jpg,69.16607285592454
image_920.jpg,31.70459176156419
image_921.jpg,23.029449559697074
image_922.jpg,25.97724220684036
image_923.jpg,27.21547958258902
image_924.jpg,41.36717963513033
image_925.jpg,48.4811766955424
image_926.jpg,52.949669747686194
image_927.jpg,33.73587286783017
image_928.jpg,85.42993477506073
image_929.jpg,66.75638136844086
image_93.jpg,12.021314550329135
image_930.jpg,7.99504154176542
image_931.jpg,28.464683056531783
image_932.jpg,27.866994729584956
image_933.jpg,63.58949748119045
image_934.jpg,25.83568342886507
image_935.jpg,15.524421837104203
image_936.jpg,62.14943925310718
image_937.jpg,86.50285405288508
image_938.jpg,57.321806723198286
image_939.jpg,30.992137524326154
image_94.jpg,26.513375627651136
image_940.jpg,16.28572480145469
image_941.jpg,34.88417325327262
image_942.jpg,1.1249340821686107
image_943.jpg,6.821892323971448
image_944.jpg,67.04856510450159
image_945.jpg,67.16624735870151
image_946.jpg,18.44542859447673
image_947.jpg,51.808137705296645
image_948.jpg,33.822154072577085
image_949.jpg,17.933879462452744
image_95.jpg,13.523208412777414
image_950.jpg,59.02110777699244
image_951.jpg,66.58417502090602
image_952.jpg,51.90670184801309
image_953.jpg,3.2729490957796497
image_954.jpg,1.893370156916081
image_955.jpg,53.036780868865165
image_956.jpg,39.29216416284381
image_957.jpg,56.38974089812186
image_958.jpg,29.74296297719612
image_959.jpg,6.107766673725164
image_96.jpg,1.3498050200105203
image_960.jpg,33.14259428644377
image_961.jpg,59.39652331473896
image_962.jpg,27.349299890023694
image_963.jpg,66.97088276113504
image_964.jpg,3.004781999951037
image_965.jpg,6.236352231440393
image_966.jpg,18.987887942414872
image_967.jpg,55.02414803053617
image_968.jpg,38.81053838219662
image_969.jpg,21.334059408499222
image_97.jpg,27.501129473514844
image_970.jpg,9.351073431870574
image_971.jpg,7.666500316562313
image_972.jpg,59.92364023415314
image_973.jpg,23.673443999637136
image_974.jpg,5.763114144936185
image_975.jpg,24.02728726867132
image_976.jpg,8.756600998720188
image_977.jpg,26.666412604689103
image_978.jpg,37.305881589201405
image_979.jpg,72.05295178134745
image_98.jpg,6.092870574265679
image_980.jpg,70.94085630042727
image_981.jpg,50.43024867912052
image_982.jpg,10.794830993369773
image_983.jpg,22.97292063494605
image_984.jpg,63.44416841786911
image_985.jpg,58.31432509716646
image_986.jpg,59.13527249832048
image_987.jpg,3.183359358127552
image_988.jpg,4.2579043377574095
image_989.jpg,47.39181195168829
image_99.jpg,4.441895343966282
image_990.jpg,36.90234106427521
image_991.jpg,55.51388444887432
image_992.jpg,22.731700874977477
image_993.jpg,62.71762463029357
image_994.jpg,56.72336085702821
image_995.jpg,1.3281119762624733
image_996.jpg,41.539552455739894
image_997.jpg,32.134373997137544
image_998.jpg,6.369836382087529
image_999.jpg,48.160282650438674
